user_id,name,email,registration_date,age,country
1,Raimundo Llopis Hierro,maitecalatayud@example.net,2024-11-13,58,Argelia
2,Demetrio Vazquez,liliarivas@example.org,2024-11-12,25,Congo
3,Christopher Bernard,daviscolin@example.com,2025-04-21,19,Mauritania
4,Ani Marcos Pardo,arroyogisela@example.org,2025-08-29,65,Brasil
5,Mark Diaz,jason41@example.net,2024-10-03,35,Costa Rica
6,William Bowman,pia03@example.org,2024-06-28,33,Eslovenia
7,Jonathan Wilkerson,josephwright@example.net,2025-03-08,32,Ukraine
8,Zachary Taylor,camposmichelle@example.org,2025-04-10,26,Nepal
9,Francisca Solé Ángel,frazierdanny@example.net,2025-03-23,65,Bouvet Island (Bouvetoya)
10,Jesse Mckay,williamrodriguez@example.net,2025-05-16,24,Comoras
11,Kimberly Osborne,amaya01@example.com,2024-03-02,61,República Democrática del Congo
12,Pío Torre Bayón,georginatalavera@example.net,2024-03-20,65,Croatia
13,Heraclio Nico Perea Ríos,wrightcaleb@example.org,2024-11-12,52,Bélgica
14,Anastasio de Murillo,leontorralba@example.org,2025-02-18,23,Ecuador
15,Cheryl Davis,rodney70@example.net,2023-10-23,55,South Georgia and the South Sandwich Islands
16,Clemente de Sanabria,respanol@example.com,2025-06-09,45,México
17,Máximo Alcolea Bueno,santostorralba@example.com,2025-06-02,20,Côte d'Ivoire
18,James House,rodney87@example.org,2024-04-12,19,República Federal Democrática de Nepal
19,Amparo Ayllón Tapia,verdejocecilio@example.org,2024-11-16,23,Luxemburgo
20,Delia Ariño-Bilbao,sarah35@example.org,2024-06-24,31,Kuwait
21,Taylor Smith,garcesantonia@example.com,2025-07-22,32,Finlandia
22,Jeffrey Daniels,contrerasangela@example.net,2025-07-26,50,Ghana
23,Ramiro Cortés Lladó,jenniferharris@example.net,2024-09-12,56,United Kingdom
24,Maximiliano Roda Lloret,mugicamaria-manuela@example.org,2024-01-05,19,Micronesia
25,Ashley Landry,peirodafne@example.net,2024-07-19,53,India
26,Rebecca Valencia,evelynestrada@example.com,2025-08-20,30,Fiji
27,Valero Revilla Amat,micaela63@example.com,2025-04-06,63,Letonia
28,Consuela Flores Seguí,lori33@example.org,2024-06-26,59,Tonga
29,Gabino Vergara-Pulido,wilsontara@example.org,2023-10-06,62,Guatemala
30,William Wilson,arsenio60@example.net,2024-06-01,52,Suiza
31,Mary Martinez,elizabeth56@example.net,2024-10-18,44,Maldivas
32,Stephanie Gilbert,akelley@example.com,2024-02-09,32,Lao People's Democratic Republic
33,Daniel Kennedy,luzaranzazu@example.net,2023-11-16,46,Swazilandia
34,Curtis Johnson,dbeltran@example.com,2025-02-15,55,Lithuania
35,Matthew Smith,lgilabert@example.net,2023-10-15,35,Camboya
36,John Schmidt,usalazar@example.net,2025-05-08,69,Ukraine
37,Javiera Jove Huertas,rsims@example.com,2025-02-11,18,Grecia
38,Joshua Taylor,tcorominas@example.org,2024-07-08,66,Mauritius
39,Daniel Fisher,atapia@example.com,2025-03-12,69,Mauritania
40,Constanza Llamas Ruano,priceelizabeth@example.com,2025-05-15,28,Senegal
41,Martina Amores Blanes,michellewhite@example.com,2024-05-05,62,Greece
42,Jamie Walton,mary70@example.net,2025-09-08,45,Czech Republic
43,René Anguita Huertas,corominasjorge@example.org,2025-01-10,39,Myanmar
44,Carol Lawson,mariacampoy@example.net,2025-07-19,35,Indonesia
45,Manu Herrero Cal,hoganashlee@example.org,2024-10-02,27,Bangladesh
46,Jason Henry,cynthia72@example.com,2025-02-26,31,Nicaragua
47,Roger Vargas,mariahmiller@example.com,2025-03-10,66,Guadeloupe
48,Susanita Morcillo Espada,michaelgreen@example.com,2024-10-19,39,Bhután
49,Laura Hernandez Tamayo,fmcguire@example.com,2024-06-30,24,India
50,Joseph Coleman,jacqueline44@example.com,2023-12-06,23,Irán
51,Rafaela de Feliu,ulloret@example.net,2025-08-25,42,Haití
52,Carmina Mate Alcalá,artemio08@example.com,2024-12-18,24,Bosnia and Herzegovina
53,Elodia Soria-Tejero,jack04@example.com,2025-05-01,40,Liechtenstein
54,Mayte Baeza-Cordero,che31@example.net,2024-11-25,40,Paraguay
55,Jeremy Dalton,ashley09@example.net,2025-08-01,56,Serbia
56,Natalio Bertrán-Crespo,carminabenavides@example.org,2024-07-03,34,French Guiana
57,Ernesto del Santiago,ambarlamas@example.net,2024-07-15,69,Sri Lanka
58,Severiano Cisneros-Bellido,monicamelendez@example.net,2024-07-26,20,Portugal
59,Terri Mason,cmiller@example.com,2024-11-23,64,Bosnia y Herzegovina
60,Maristela Almansa-Leon,adoracionvillena@example.net,2025-07-09,47,República Popular Democrática de Corea
61,Katherine Davis,qcook@example.org,2024-05-07,52,France
62,Krista Gibson,marcus68@example.org,2024-07-07,25,Papua Nueva Guinea
63,Kathleen Ramos,juanitocastro@example.com,2025-06-13,42,British Virgin Islands
64,Rosalía Dafne Cuadrado Mercader,obuendia@example.org,2025-08-01,23,Omán
65,Denise Davenport,stephenthomas@example.org,2025-06-01,53,Sierra Leone
66,Richard Adams,lucila49@example.net,2025-06-02,36,Mauritania
67,Juan Daniels,molly39@example.com,2025-05-26,58,Aruba
68,Michele Shepherd,tylerjohnson@example.net,2025-06-05,57,Bolivia
69,Charles Pitts,soriamerche@example.com,2024-12-07,41,Pakistan
70,Tamara Pinto Moliner,williamsonjimmy@example.net,2025-09-07,54,Mauricio
71,Iván Delgado Marí,moratanatividad@example.org,2024-05-28,30,Cameroon
72,Guiomar Escolano,cayetanopineiro@example.net,2024-09-06,63,Federación de Rusia
73,Julia Estrada,erica21@example.com,2025-08-30,22,Northern Mariana Islands
74,Joyce Turner,yrodriguez@example.net,2024-11-02,20,Angola
75,Keith Jennings,xmacias@example.org,2024-02-16,60,San Vicente y las Granadinas
76,Michelle Hopkins,arizamartin@example.com,2024-11-05,32,Bosnia y Herzegovina
77,Jason Gonzalez,maria47@example.com,2025-04-18,67,Belarus
78,Tito del Paz,qalcala@example.net,2024-08-06,36,Myanmar
79,Teresa Rodriguez,namaya@example.net,2025-07-09,23,Sri Lanka
80,Yéssica Matas Real,artemioarcos@example.com,2023-12-02,32,Qatar
81,Jenny Peláez Rius,fcabeza@example.net,2025-07-26,24,Antigua and Barbuda
82,Jeremy Young,pollardmichael@example.net,2023-10-23,42,Comoros
83,Apolonia Garay Almazán,jose-francisco29@example.org,2025-05-07,35,República Unida de Tanzanía
84,Fidel de Acedo,vanessafernandez@example.org,2025-01-04,47,Canadá
85,Rosa Gárate Morante,juan-manuelbadia@example.org,2024-09-27,58,Nauru
86,Kayla Rodriguez,vazquezmarcial@example.com,2023-10-23,41,Tanzania
87,Brian Joseph,lammarc@example.org,2023-12-10,28,Hong Kong
88,Larry Garcia,titosanmiguel@example.org,2024-05-13,41,Iran
89,Emily Edwards,stephanie71@example.org,2023-11-16,40,Yemen
90,Kristie Willis,jenkinsmorgan@example.com,2025-08-16,31,Guinea
91,Lilia Garcia-Cortes,melaniebell@example.net,2023-12-01,60,Montserrat
92,Sonia Amo Lastra,leandromendizabal@example.com,2023-09-13,35,República de Moldova
93,Patrick Bonilla,renatorivas@example.com,2024-01-02,62,Saint Helena
94,Latoya Miller,faustoayala@example.net,2024-03-25,61,Libyan Arab Jamahiriya
95,Daniel Hunt,rrodriguez@example.net,2024-09-28,59,Aruba
96,María Belén Ballesteros Aguilera,hector24@example.com,2023-12-05,22,San Marino
97,James Padilla,sandersjudy@example.com,2024-08-10,56,Irán
98,Michelle Butler,ualmansa@example.org,2025-05-09,58,Benin
99,Dana Chapman,vmenendez@example.com,2024-05-09,28,Belice
100,Lina Ferrera,jessica23@example.org,2024-03-14,52,Samoa
101,Chus Uribe Simó,michelle52@example.com,2024-08-16,64,South Africa
102,Heather Jones,xjohnson@example.com,2024-12-23,33,Santo Tomé y Príncipe
103,Julian Conner,ufabra@example.net,2024-09-09,28,Mónaco
104,Oriana Blasco Vargas,huguetlaura@example.com,2024-09-26,47,Kirguistán
105,Jasmine Schroeder,blas51@example.net,2024-04-03,42,Islas Salomón
106,Narcisa Cid-Olmo,tanderson@example.org,2024-10-21,35,Suriname
107,Araceli Roda,coxhenry@example.org,2025-08-01,58,Congo
108,Casemiro Berenguer Marqués,navarrosarita@example.net,2024-11-18,62,Costa Rica
109,Rufina Yaiza Daza Río,rpastor@example.net,2025-08-17,53,Sao Tome and Principe
110,David Sheppard,michealvalentine@example.com,2025-03-24,32,Macao
111,Ruth Solis,baldomero75@example.net,2025-02-10,61,Guinea Bissau
112,Elías Sancho Vilanova,obravo@example.com,2025-07-20,38,Austria
113,Cynthia Vang,anthonygalvan@example.net,2025-04-09,67,Armenia
114,Kaitlyn Guerra,fgilbert@example.org,2024-02-13,67,República Centroafricana
115,Dwayne Turner,simonsebastian@example.org,2025-05-12,21,Nepal
116,Maricela Herranz,timoteo09@example.com,2024-10-30,32,Suiza
117,Fernanda Bauzà,csoriano@example.net,2025-08-26,70,San Marino
118,Rocío Bauzà Ochoa,marquezeliseo@example.org,2024-10-12,20,Timor-Leste
119,Mrs. Catherine Taylor,carterbradley@example.org,2024-04-26,69,Malaysia
120,Kimberly King PhD,pepe05@example.com,2025-04-15,38,Tuvalu
121,Stephanie Hughes,xvalencia@example.net,2025-04-16,43,Belgium
122,Samantha Gardner,millerdonna@example.com,2024-11-22,35,Chad
123,Andrew Berg,yhill@example.org,2025-01-11,22,Haiti
124,Calixto Ríos Arana,guzmanmelania@example.net,2024-05-30,31,Samoa
125,Flora Peral Saldaña,benitapedraza@example.com,2024-12-26,54,Burundi
126,Josep Villaverde Pombo,matilde47@example.org,2025-01-28,63,Cook Islands
127,Teodosio Benavent Sans,zbonilla@example.net,2025-01-09,38,República Centroafricana
128,Sarah Joseph,apolonia31@example.org,2024-02-29,31,Anguilla
129,Jackie Lara,bastidamartin@example.com,2024-09-27,59,Swaziland
130,Federico Benavent Sandoval,david89@example.org,2024-07-21,49,Camboya
131,Celestino Cecilio Mora Gomis,meghan43@example.net,2023-12-09,43,Nicaragua
132,Miguela Domingo,genovevanebot@example.net,2025-05-04,59,Benin
133,Dulce Galvez-Riera,pmanjon@example.com,2024-03-06,47,French Southern Territories
134,Anthony Gonzales,mharris@example.org,2025-05-30,27,Saint Martin
135,Bianca Wood,jose-antonio71@example.com,2024-03-08,34,Azerbaiyán
136,Sharon Barnes,crescencia53@example.org,2025-09-06,26,Luxembourg
137,Brandon Long MD,dalilaosorio@example.org,2024-04-01,33,France
138,Ildefonso Cañete Lamas,zdiaz@example.org,2024-05-31,65,Barbados
139,Pamela Ramirez,cletoprada@example.com,2024-10-20,53,Saudi Arabia
140,Marcial Verdú,williamsderrick@example.com,2024-09-22,52,San Marino
141,Íngrid Montalbán Cámara,brittney88@example.net,2025-02-08,34,Lebanon
142,Eusebia Canals Riera,carlsonjoseph@example.net,2025-02-17,65,Chile
143,Michael Johnson,alejosainz@example.com,2023-12-28,55,Malasia
144,Nancy Brown,chelomorcillo@example.net,2024-09-27,45,Zimbabwe
145,Zaira Noriega Pablo,plee@example.com,2024-02-20,55,Sierra Leone
146,Melissa Burns,ann44@example.org,2025-06-24,43,Svalbard & Jan Mayen Islands
147,Regina Roberts,reedscott@example.com,2024-02-12,41,Venezuela
148,Luis Matthews,gonzalezfelicia@example.org,2023-11-21,32,Saint Barthelemy
149,Randy Smith,etamarit@example.net,2025-03-14,26,Gibraltar
150,Susan Davis,diezsilvestre@example.org,2025-09-06,50,Solomon Islands
151,Paul Brennan,smithashley@example.org,2024-04-04,49,Tuvalu
152,Josefina Llamas,murofermin@example.net,2024-12-25,23,Andorra
153,Laura Todd,groma@example.com,2024-06-28,66,Dominicana
154,Etelvina Hurtado Agudo,wyoung@example.com,2024-04-16,21,Georgia
155,Amy Wilson,richardshaw@example.net,2025-01-25,25,Heard Island and McDonald Islands
156,Bonifacio del Coronado,robert87@example.net,2025-03-18,27,Perú
157,Heidi Stark,vegahermenegildo@example.net,2024-01-07,58,Brazil
158,Laura Bou-Vicens,chavezwilliam@example.com,2024-10-21,28,Saint Kitts and Nevis
159,Dominga Acero Gibert,rodaomar@example.net,2024-10-08,68,Belarús
160,Jason Mack,victoria67@example.com,2023-11-06,61,Sudán
161,Willie Long,perlitaacevedo@example.org,2024-08-12,45,Martinique
162,Danielle Reed,sharonhardy@example.org,2025-04-22,56,Nicaragua
163,Cristian de Cabrero,patienza@example.net,2024-06-29,22,Reino Unido de Gran Bretaña e Irlanda del Norte
164,Buenaventura Vara Mancebo,crescencia95@example.org,2025-06-10,42,Malasia
165,Justin Vargas,dvalcarcel@example.com,2025-04-05,42,Qatar
166,Elijah White,melissaturner@example.net,2025-04-20,56,República de Macedonia del Norte
167,Kristin Anderson,herminio51@example.com,2023-11-15,47,Bahamas
168,Larry Williams,nildagaya@example.com,2025-06-05,51,Gabon
169,Claudio Carpio,heatherpadilla@example.com,2024-10-16,34,Hong Kong
170,Heather Green,ugarcia@example.com,2025-07-08,53,Germany
171,Sean Figueroa,carolina99@example.net,2024-04-11,18,Islas Marshall
172,Mariana Hoyos Valera,kathryn77@example.com,2025-02-25,61,Chile
173,Laura de Barral,atienzamaria-cristina@example.org,2023-12-18,64,Belarús
174,César Vega Sarmiento,williamsonelizabeth@example.net,2025-01-02,25,Albania
175,Joseph Hill,shawheidi@example.com,2023-11-26,61,Perú
176,Clemente del Pablo,zmiller@example.com,2025-09-01,52,Honduras
177,Arturo Ramirez Pinilla,abrown@example.net,2023-11-08,66,Oman
178,Shannon Davis,hectortalavera@example.com,2025-07-15,35,United Arab Emirates
179,Teodoro Miranda Alcázar,marinapuig@example.org,2024-01-05,67,República Democrática del Congo
180,Kimberly Reyes,vallemarcia@example.com,2023-11-19,59,Belice
181,Lisa Larson,walterskristen@example.com,2024-02-22,39,Jersey
182,Nadia Pinto-Boada,jennifermiller@example.org,2025-02-10,25,Vietman
183,Brian Smith,rward@example.org,2023-11-11,36,Kiribati
184,Brandon Spencer,asmith@example.com,2025-02-19,45,República Democrática Popular Lao
185,Carla Chamorro Leiva,trevor12@example.com,2024-07-12,28,Slovenia
186,Dionisia Huerta Valcárcel,icampo@example.com,2025-08-02,47,Tajikistan
187,Erin Cook,miguel-angel93@example.com,2024-01-16,18,Ghana
188,Mackenzie Faulkner,renato46@example.com,2025-07-21,64,Rumania
189,Alba del Gallego,marie16@example.net,2023-12-19,64,Dominican Republic
190,Michelle Mccormick,ltello@example.com,2024-10-10,34,Reunion
191,Rodrigo Hurtado Padilla,pulidomarina@example.com,2023-11-25,50,Georgia
192,Piedad Villena,zperello@example.com,2024-05-18,66,Niger
193,Hipólito Édgar Boada Carmona,mateo57@example.org,2024-05-20,29,Mauritania
194,Eric Patrick,novoaflora@example.org,2025-07-19,50,Papua Nueva Guinea
195,Candela del Roldan,laurensoto@example.org,2024-06-24,24,Mónaco
196,Michael Harris,estevezpio@example.com,2024-08-08,58,Paraguay
197,Margaret Harper,baileymegan@example.net,2025-04-25,37,Uruguay
198,Faustino Carranza Gómez,whiteheather@example.net,2024-07-10,58,República Dominicana
199,John Medina,ameliamalo@example.org,2024-04-25,50,Niger
200,Adelia Tormo Cerezo,pvega@example.com,2025-01-21,56,Russian Federation
201,Bradley Johnson DDS,hillamanda@example.org,2024-10-26,30,Mexico
202,Aurora Leal-Pedraza,bgil@example.org,2024-04-13,27,Mónaco
203,Robert Gonzales,hugoorozco@example.net,2024-01-08,41,Eritrea
204,Lucas Orozco Lucas,juliana44@example.net,2025-08-05,66,Chad
205,Wendy Camacho,josepcoll@example.net,2025-05-06,28,Liechtenstein
206,Melania Leiva-Ribas,yjones@example.org,2024-09-19,52,Puerto Rico
207,John Perkins,epalma@example.net,2024-02-15,67,Sweden
208,Edelmira Moraleda Luque,ashleewashington@example.com,2023-10-12,51,Andorra
209,Isidro Sastre Abascal,wendyblankenship@example.net,2024-01-03,18,Bermuda
210,Jacob Mckee,prietoeufemia@example.com,2024-07-18,56,Turkmenistán
211,Custodio Tapia Bermejo,aureliasalgado@example.org,2025-01-29,38,Mali
212,Andrea Granados Piñol,calderonmatias@example.com,2023-12-18,49,Somalia
213,Juan Manuel Aguirre Córdoba,jennifer26@example.net,2025-05-29,19,Brasil
214,Macario Plana Ortega,kylie34@example.net,2024-03-08,25,Slovakia (Slovak Republic)
215,Cristian Juan Antonio Vergara Fabregat,debbie37@example.com,2024-03-03,41,Polonia
216,Ester Catalán Pombo,amy27@example.org,2024-11-11,69,Ghana
217,Íñigo Barrena Puig,zhenderson@example.org,2024-03-29,37,Belgium
218,Julio Morillo Portillo,jovita63@example.org,2023-11-11,33,Brazil
219,Amy Wade,alberolalaura@example.org,2024-01-06,21,Mali
220,Cameron Norman,wiseanthony@example.com,2024-09-25,33,Rwanda
221,Jessica Vicente Palomino,xdiaz@example.org,2025-03-27,54,Etiopía
222,Timoteo Alberola Hidalgo,ypascual@example.org,2025-07-20,23,República Checa
223,David Moon,margaret95@example.org,2024-01-18,23,Lituania
224,Teresita Lumbreras Mercader,tranalan@example.org,2024-10-25,64,Saint Vincent and the Grenadines
225,Flor Uriarte Ferrán,adolforedondo@example.org,2024-10-08,49,Islas Salomón
226,Susana Meléndez Calleja,simontellez@example.org,2025-02-10,70,Austria
227,Haydée Perales,carpenterwilliam@example.net,2023-11-02,22,Mauricio
228,Esteban del Miró,louis43@example.org,2023-12-17,66,Comoras
229,Jafet Solano Miralles,herreratami@example.org,2024-04-21,52,Timor-Leste
230,Cayetano Mayo Arjona,eusebio13@example.com,2024-09-18,67,Eritrea
231,Hermenegildo Santamaria Iborra,zcal@example.org,2023-09-17,26,Canadá
232,Florencia Blasco Jove,baronhector@example.net,2025-04-22,26,Islas Marshall
233,Jerónimo Ayuso Diéguez,ycrawford@example.net,2024-01-13,60,Dominicana
234,Stephen Johnson,andrea68@example.com,2023-11-12,48,Burundi
235,Stephen Fox,epalomar@example.net,2024-05-17,53,Iceland
236,Francis Robinson,stokesthomas@example.com,2025-08-20,28,Francia
237,Juanito Barba-Gimenez,savannah22@example.org,2025-04-20,34,United States Minor Outlying Islands
238,Margarita Cisneros Fabra,gregory01@example.org,2024-11-21,51,Perú
239,Thomas Harris,liliana25@example.org,2023-12-25,56,Burkina Faso
240,Jacqueline Mcmahon,rogersmarcus@example.org,2025-04-09,45,Pakistan
241,Wayne Steele,elizabetholsen@example.com,2025-02-26,31,Brunei Darussalam
242,Pascual Posada Antúnez,africa93@example.net,2025-07-24,52,Islas Marshall
243,Fulgencio del Diez,victoriano04@example.org,2025-01-27,66,Equatorial Guinea
244,Amado Polo Ríos,nicolesnyder@example.com,2024-10-12,64,Nicaragua
245,Jaime Beltrán Aragonés,floresstephanie@example.org,2024-01-11,62,Central African Republic
246,Viviana de Neira,reynoldsdesiree@example.net,2024-01-01,30,Islas Marshall
247,Hernando Lara,john06@example.net,2023-12-30,63,Afghanistan
248,Rodney Weber,collinclark@example.net,2025-08-23,37,Tanzania
249,Ruben Heliodoro Sotelo Torrijos,maypaul@example.com,2024-06-05,43,Aruba
250,Dennis Hood,marinacaballero@example.org,2025-04-21,60,Saudi Arabia
251,Ana del Yáñez,parmstrong@example.com,2023-11-05,59,Países Bajos
252,Reyes Sanchez Duran,nuriafernandez@example.org,2024-07-14,41,Cook Islands
253,Dora Esther Bautista Bonet,rarnold@example.net,2025-07-10,46,Túnez
254,Chase Knight,cabreromireia@example.com,2025-06-11,51,Hungary
255,Kara Jackson,christinebecker@example.com,2024-06-24,46,Portugal
256,Ramón Talavera Leiva,morganlaura@example.com,2025-05-17,25,Etiopía
257,Ramiro Ismael Montesinos Leon,lopezjason@example.com,2025-03-17,33,Swaziland
258,Rosa María Cuenca,leire86@example.org,2024-01-14,32,Bahrein
259,Javier Ayuso Palomo,rafa78@example.com,2025-01-18,22,Kuwait
260,Cassandra Harrell,frank41@example.com,2024-06-17,39,República Democrática Popular Lao
261,Moisés de Gabaldón,xpalmer@example.net,2024-08-20,19,Sri Lanka
262,Rosario Adelia Goicoechea Iniesta,rodney65@example.com,2024-02-15,55,Philippines
263,Adrienne Key,kenneth17@example.org,2025-08-31,53,Tokelau
264,Michael Stafford,edwardcannon@example.org,2025-01-03,32,Uganda
265,Emiliana Jover Riquelme,ldoyle@example.net,2024-05-16,55,Timor-Leste
266,Megan Romero,lazarocabanillas@example.com,2025-03-03,32,Tayikistán
267,Courtney Walker,vfrench@example.com,2024-11-10,18,Thailand
268,Amelia Belda Sureda,pizarrobenita@example.com,2023-10-18,22,Chile
269,Guadalupe Seco Clemente,kimberlyfreeman@example.net,2024-04-25,63,Albania
270,Philip Jackson,iborja@example.net,2024-12-15,58,Japan
271,Andrew Gonzalez,mcclainkatherine@example.net,2023-09-22,21,Serbia
272,Ovidio del Miguel,plaanita@example.net,2024-01-09,32,Honduras
273,Joseph Warren,matthewvalenzuela@example.com,2024-01-07,22,Andorra
274,Prudencio de Galván,duiliopazos@example.net,2024-06-09,20,Sierra Leone
275,Amanda Nadia Campoy Aller,rieravicente@example.com,2024-10-13,39,Reunion
276,Ovidio Agustí,qstanley@example.net,2024-12-07,22,Maldivas
277,Pacífica Carranza,glovertyler@example.net,2025-03-30,50,Kazajstán
278,Andrew Crawford,pmuro@example.org,2025-01-11,33,República Democrática Popular Lao
279,Brandon Hunt,fidela37@example.com,2024-08-13,35,Cuba
280,Geraldo Salvador Milla Rojas,arroyoagapito@example.org,2024-05-06,60,Zimbabwe
281,Anna Briggs,perezsalomon@example.com,2025-05-11,49,South Georgia and the South Sandwich Islands
282,Rebecca Wilson,cristobalrico@example.net,2025-04-17,31,Cocos (Keeling) Islands
283,Lisa Huffman,htorrents@example.com,2023-10-12,52,Palau
284,Sean Warren,aurelia89@example.org,2025-01-04,26,Niger
285,Margaret Hernandez,crespoanselma@example.com,2025-06-05,64,Zimbabwe
286,Gary Ramirez,pquintana@example.org,2024-07-29,54,Benin
287,Bryan Jimenez,quintanillaseve@example.org,2025-05-04,54,Tuvalu
288,Evita Parra Ballester,jmarmol@example.net,2025-02-13,48,Saint Barthelemy
289,Peter Walker,maria48@example.net,2025-02-03,33,Côte d'Ivoire
290,Mitchell Griffith,emiliana33@example.org,2024-02-13,68,Ucrania
291,Jason House,qsebastian@example.net,2025-08-13,48,Polonia
292,Iris del Verdugo,lupecastellanos@example.org,2025-01-01,69,Madagascar
293,Lee Schwartz,romulo54@example.com,2023-12-19,44,Tajikistan
294,Taylor Chen,etelvinamanso@example.net,2025-07-13,30,Turquía
295,Macarena Mora,chita79@example.net,2025-01-13,24,Turkey
296,Kelly Johnson,barberoheraclio@example.com,2025-08-27,24,Cameroon
297,Cristian Renato Antúnez Palmer,jensenemma@example.net,2025-03-04,60,Dominica
298,Amber James,tammy00@example.net,2024-02-04,45,Switzerland
299,Priscila Ferrándiz Ferrer,rthompson@example.org,2025-08-12,40,Lesotho
300,Eligia Lamas Castillo,adelardo57@example.net,2023-10-08,45,Nepal
301,Soledad Nadia Mascaró Trujillo,bowerslouis@example.org,2024-09-23,44,Malawi
302,Daniel Lewis,michael39@example.net,2025-09-06,47,Burundi
303,Tanner Austin,montesinosrico@example.org,2024-03-14,64,Anguilla
304,Katie Tucker,lukemiller@example.org,2025-08-19,21,Serbia
305,Nico Garcés,harrismaria@example.net,2024-12-24,61,Zambia
306,Jeremías Mármol Arellano,ballestergaspar@example.com,2024-11-02,59,Georgia
307,Mark Hamilton,icarrasco@example.org,2025-03-14,59,Túnez
308,Áurea Valverde Camino,catherine47@example.com,2025-05-01,24,Nauru
309,Constanza de Portillo,kennetheaton@example.net,2025-08-08,21,República Checa
310,Alfonso Adadia Prado,humberto53@example.com,2024-01-04,43,Santo Tomé y Príncipe
311,Christopher Marsh,sbeltran@example.net,2024-03-10,64,Uruguay
312,Heather Lambert,lopezestefania@example.org,2024-04-28,39,Greenland
313,Brittany Knight,ujackson@example.org,2025-02-10,69,Falkland Islands (Malvinas)
314,Nicholas Humphrey,thoward@example.com,2024-01-15,24,Guinea
315,Chelo del Benito,vendrellevangelina@example.org,2025-03-24,33,Armenia
316,Yvonne Kennedy,ruben39@example.net,2023-12-15,30,Liechtenstein
317,Mary Charles,victor-manuelcuervo@example.org,2025-02-27,30,Wallis and Futuna
318,Philip Hall,jim38@example.com,2024-08-17,52,Turkmenistan
319,Moreno Morante Calderón,beth92@example.com,2024-06-02,46,Papua Nueva Guinea
320,Terry Black,tommy79@example.org,2024-07-26,26,Belice
321,Cody Cox,severinomurillo@example.net,2024-08-25,45,Lesotho
322,Candelaria Reig-Alonso,castellconsuela@example.net,2023-12-16,29,República Democrática Popular Lao
323,Celso Jordá Escolano,johnsjessica@example.com,2024-02-14,35,Trinidad and Tobago
324,Ronald Burke,florencio57@example.net,2024-02-23,47,Bulgaria
325,Cosme Yáñez Varela,catherinethompson@example.net,2025-06-11,33,Bosnia y Herzegovina
326,Stephanie Ryan,ayuste@example.com,2025-01-30,22,Denmark
327,Jane Chapman,qcanete@example.com,2025-07-05,46,Guinea Bissau
328,Aaron Manning,vizcainoadrian@example.com,2025-01-23,69,Ireland
329,Jeffery Richards,ncunningham@example.com,2025-03-13,53,Micronesia
330,Justin Webb,kim62@example.net,2025-03-08,24,Slovenia
331,Custodio Verdugo Pérez,martintamara@example.org,2025-05-02,21,Vanuatu
332,Dennis Wood,nperez@example.net,2025-02-10,59,Cuba
333,Dakota Sandoval,arthurgreene@example.net,2024-12-01,52,Kenya
334,Cayetano Bolaños Llorente,elizabeth69@example.org,2025-02-28,18,Bosnia y Herzegovina
335,Kristin Aguilar,jeremy37@example.com,2024-03-17,23,Madagascar
336,Angelina del Nieto,sarita89@example.com,2025-08-15,66,Sierra Leone
337,Renata Segarra Serna,qcarnero@example.org,2024-12-15,33,Tailandia
338,Haydée Osuna Villalonga,jose-ramon41@example.com,2023-11-03,28,Nauru
339,Steven Adams,pflores@example.net,2025-06-07,44,Etiopía
340,Silvio del Costa,bermudezinmaculada@example.net,2024-11-30,49,Niger
341,Katherine Galloway,wwhite@example.net,2024-06-25,48,Bahamas
342,Joshua Shaw,stephenmartinez@example.net,2024-04-26,31,Andorra
343,Marisa Cabrero Morell,jacob43@example.com,2025-08-09,43,Haiti
344,Imelda Galvez Rius,melissa47@example.org,2025-08-24,21,Brasil
345,Kristi Chase,nereidaconde@example.com,2024-01-16,28,Burkina Faso
346,Elizabeth Hart,scabeza@example.org,2024-02-13,42,Lebanon
347,Petrona Nadal Juan,ann45@example.org,2023-12-06,18,República Dominicana
348,Galo Fermín Vicens Torrent,jamesjustin@example.net,2025-06-04,42,Italy
349,Andrea Martin,maximiliano44@example.net,2024-03-25,34,Slovakia (Slovak Republic)
350,Kelly Cole,ricardaalvarado@example.org,2025-01-04,68,Eslovaquia
351,Aroa Bustos Bartolomé,johnsonrandy@example.org,2024-03-18,68,Bhután
352,David Mitchell,belendonaire@example.org,2025-01-06,47,Tonga
353,Seth Donovan,tarawolfe@example.org,2024-12-13,36,Malta
354,Karen Perez,xmena@example.com,2023-12-31,45,Afganistán
355,Eloísa Somoza Aguirre,xevans@example.com,2024-11-18,62,República Centroafricana
356,Stephen Kim,ligiaporta@example.com,2024-03-19,64,Niue
357,Ramona Llabrés,robert12@example.org,2023-11-28,68,Niger
358,Marcus Lopez,augustoalonso@example.org,2024-04-02,53,Ucrania
359,Crystal Hernandez,matthewcollins@example.com,2024-08-12,60,Islas Marshall
360,Amaro Larrea Poza,mescudero@example.com,2025-05-06,63,Tuvalu
361,Regina Salazar Huertas,edgarburgos@example.net,2024-08-19,49,Vietnam
362,Nicholas Garner,alicia43@example.com,2025-06-01,27,Burkina Faso
363,Eufemia Alcolea Diego,fosterjohn@example.org,2025-01-24,30,Kuwait
364,Cayetano del Bravo,browndeanna@example.net,2023-12-09,36,Iraq
365,Jessica Lee,jennifer40@example.com,2024-10-21,31,Comoros
366,Febe del Solís,caseymoore@example.com,2024-10-08,21,Afghanistan
367,Sonya Harvey,malikbrown@example.net,2024-01-25,55,Seychelles
368,Elisabet Etelvina Redondo Montserrat,zabalagenoveva@example.org,2025-05-11,65,Dinamarca
369,Balduino Torralba,antonconcepcion@example.net,2025-01-01,52,Australia
370,Mitchell Smith,dbernal@example.net,2024-05-29,21,Swaziland
371,Amy Jensen,mateucasemiro@example.org,2023-11-21,65,Portugal
372,Joseph Wright,xcamacho@example.net,2025-01-14,38,Turks and Caicos Islands
373,Ruy Escribano Querol,amandagreene@example.com,2024-10-15,21,Tanzania
374,Mark Mckenzie,annalewis@example.net,2024-05-29,21,Kiribati
375,Andrew Mitchell,taniamatas@example.org,2025-08-28,55,Irán
376,Ángel Vidal-Cortes,seguipelayo@example.org,2024-03-20,48,Federación de Rusia
377,Anna Ross,moratamonica@example.com,2024-08-30,50,Rwanda
378,Robert James,pablo66@example.org,2025-03-08,51,Sierra Leona
379,Joseph Flores,ani32@example.org,2025-08-18,28,Estados Unidos de América
380,James Anderson,javiles@example.com,2023-11-10,21,Singapore
381,Jose Angel Figuerola Torrents,annshea@example.net,2024-03-04,50,Singapore
382,Thomas Davis,mdiaz@example.com,2024-11-16,23,India
383,María Manuela Salamanca Coello,glassjesus@example.net,2024-01-01,29,Burkina Faso
384,Martín de Maestre,joaquina14@example.com,2023-09-25,22,Vietman
385,Leandro Zabala,jdean@example.net,2024-06-10,56,Gambia
386,Erasmo Font Linares,eaguirre@example.com,2025-01-05,22,Tonga
387,Esteban Pomares Guardia,mckeetodd@example.net,2024-01-23,61,Monaco
388,Duilio Ávila Mayol,klong@example.org,2025-01-21,33,Niue
389,William Mason,selena60@example.net,2024-02-20,43,Ukraine
390,Anita Reyes,khernandez@example.org,2025-08-18,25,Kiribati
391,Nacho Chacón,martinzabaleta@example.org,2025-09-05,54,Sudán
392,Anabel Carrasco Espinosa,jessicacannon@example.com,2024-04-17,33,Canada
393,Blas Esteban Amo,caitlynhall@example.org,2023-11-06,55,Burkina Faso
394,Jacqueline Christian,mtaylor@example.org,2024-07-03,56,Grecia
395,Michael Harris,elorzaaurea@example.com,2025-01-23,20,Tuvalu
396,Graciela Arnaiz Pintor,vcarr@example.net,2024-09-23,57,Korea
397,Juan Antonio del Ariza,leescott@example.com,2024-08-11,23,French Polynesia
398,Yaiza Cisneros,gdavis@example.org,2025-03-31,44,Libia
399,Alexander Chavez,qbosch@example.com,2025-02-15,60,Bosnia y Herzegovina
400,Melisa Parejo Blázquez,nicholasjames@example.org,2024-10-26,55,Costa Rica
401,Rodrigo Aznar Rivas,jessica74@example.net,2023-12-03,54,Emiratos Árabes Unidos
402,Ramona Dolores Alberola Segarra,astephens@example.net,2024-02-29,51,Korea
403,Kyle Smith,brandonhernandez@example.net,2023-10-05,38,Suiza
404,Brandon Rodriguez,hortensialuis@example.net,2025-08-15,34,Venezuela
405,Rodrigo Martínez Moraleda,wwilkins@example.com,2024-04-10,31,Camboya
406,Jason Clark,canalesconcha@example.net,2024-08-27,60,Japan
407,Kenneth Hanson,uvizcaino@example.net,2024-09-03,63,Santa Lucía
408,Cleto Aarón Carrasco Amador,mclaughlinjared@example.net,2024-07-07,38,Guernsey
409,Miguel Fortuny Lucena,parkerwilliam@example.com,2023-12-01,33,Guam
410,Lisa Johnson,natalioneira@example.net,2025-07-09,34,Sri Lanka
411,Calixta Serna Naranjo,dreilly@example.net,2024-10-25,43,Moldova
412,Luis Mármol,montesjuan@example.org,2025-08-28,26,República Democrática Popular Lao
413,Bruce Patton,jennifer46@example.org,2025-06-11,60,Korea
414,Eric Rodriguez,xiomarabru@example.com,2025-04-15,59,Ecuador
415,Morgan Mills,kaylagarcia@example.net,2024-02-05,37,Montenegro
416,Kelly Smith,minguezadelia@example.org,2024-09-23,47,Angola
417,Christine Gonzalez,amanda71@example.com,2024-01-02,38,Andorra
418,Kike Ordóñez,donald49@example.org,2023-10-31,66,Mauritius
419,Allen Berger,plabaltasar@example.org,2024-06-21,22,Nicaragua
420,Robert Marquez,fcatala@example.net,2023-11-19,18,Poland
421,Travis Thomas,philip55@example.com,2023-10-01,47,Bouvet Island (Bouvetoya)
422,Ryan Campbell,williamsullivan@example.net,2024-05-04,57,Hungría
423,Jason Oliver,eplana@example.com,2025-04-25,54,Slovenia
424,Gloria Benson,torrecilladario@example.net,2024-05-03,24,México
425,Hermenegildo Andrés Camps Pinilla,dnewman@example.org,2025-04-28,22,Chipre
426,Luisina Manuel Porta,jamierich@example.com,2025-07-11,52,Saint Barthelemy
427,Lauren Carr DDS,bernabe58@example.org,2025-02-04,31,Bouvet Island (Bouvetoya)
428,Cynthia Park,jennifer66@example.com,2025-01-05,50,Burundi
429,Fátima del Rincón,salud22@example.org,2024-12-25,34,Uganda
430,Vanessa Taylor,ysarmiento@example.net,2024-12-07,26,Malawi
431,Joanna Kelly,kaguilera@example.com,2025-02-10,40,Isle of Man
432,Andrew Webb,carpentersuzanne@example.org,2025-02-23,22,Lao People's Democratic Republic
433,Vilma Borrego,rbermejo@example.net,2024-11-30,33,Martinique
434,Jenny Vila Somoza,zgomez@example.com,2024-01-09,41,Saint Lucia
435,John Jackson,nydia90@example.com,2023-11-08,36,Guinea
436,Douglas Hodge,diazvirginia@example.net,2025-01-02,28,Sri Lanka
437,Rosendo Guzman-Toro,novoacesar@example.org,2025-05-13,46,Sierra Leone
438,Jeremiah Walsh,baltasar41@example.org,2024-08-13,52,Gabon
439,Nicole Patel,jwells@example.net,2023-09-17,63,Hong Kong
440,Melanie Williams,pbishop@example.com,2024-03-24,37,Gambia
441,Michael Allen,ines25@example.net,2025-01-12,57,Andorra
442,Brian Griffin,jose30@example.org,2023-10-20,69,Saint Kitts y Nevis
443,Armando Castillo Peña,espinosajose-luis@example.com,2025-01-03,59,Singapur
444,Destiny Simmons,fernando14@example.org,2024-06-19,51,Georgia
445,Benjamin Krause,pescalona@example.com,2023-12-23,18,Cuba
446,Otilia Jove Calderón,bejaranoconcha@example.net,2025-03-30,60,Omán
447,Alejo Portero Larrea,veronica69@example.org,2024-08-23,70,Tanzania
448,Coral de Planas,bradleysavannah@example.com,2025-01-19,53,Azerbaijan
449,Luna Nieto Bernat,deborah28@example.org,2025-01-03,37,Qatar
450,Lydia Howard,ifalco@example.org,2023-09-27,60,Noruega
451,Joshua Parker,johnsonbrian@example.net,2024-07-01,24,Sudán
452,Sheila Herrera,arcomagdalena@example.org,2024-12-29,26,United States of America
453,Pascual de Alcaraz,melendezotilia@example.org,2024-11-28,34,Bulgaria
454,Martirio Giménez Barroso,znavas@example.net,2024-05-03,25,Irlanda
455,Manu Durán Narváez,llanosepifanio@example.com,2025-01-29,24,Mauritania
456,Almudena Cañellas-Cabo,alexistucker@example.org,2024-01-18,65,Turkmenistán
457,Robert Barton,ericlillo@example.net,2024-07-06,53,Santa Lucía
458,Carolina Paca Valero Borja,robert83@example.org,2025-08-30,27,San Vicente y las Granadinas
459,Victoria Romero,joshualee@example.org,2024-09-06,35,Suriname
460,Mohamed Pascual López,viglesias@example.net,2023-10-10,36,Qatar
461,Rubén Andres Toro,gutierrezlorena@example.com,2024-07-11,56,Denmark
462,Corona Cabañas Gálvez,nicholaswalker@example.com,2023-10-18,31,Cameroon
463,Jenny Carmina Ponce Perea,oferrera@example.com,2024-02-03,63,Argentina
464,Borja Cantero-Solana,vjackson@example.org,2024-11-23,39,República Dominicana
465,Hernán Vélez Torrijos,rsevillano@example.org,2025-02-28,31,Francia
466,Daniel Pennington,riosarsenio@example.org,2025-02-26,61,Mali
467,Robert Nicholson,jallen@example.org,2025-08-03,58,Kazajstán
468,Zachary Smith,jacquelinehodge@example.net,2025-08-22,34,Sierra Leone
469,Catalina Pellicer Simó,plazateodora@example.net,2024-10-01,50,Japan
470,Lisa Johnston,narvaezmagdalena@example.org,2025-06-19,49,Líbano
471,Andrew Richardson,emilianonadal@example.org,2024-12-26,34,Zimbabwe
472,Feliciana Lastra Vara,brian55@example.com,2024-09-09,21,Namibia
473,Jacob Nunez,teclaseco@example.org,2024-06-20,23,Guinea Ecuatorial
474,Celestino Llorente Caparrós,ncontreras@example.net,2024-04-10,58,Nauru
475,Oscar Smith,alonsosalome@example.org,2024-07-05,45,Palau
476,Mr. Joseph Kelley,ashley42@example.com,2024-08-27,35,Sierra Leone
477,Gabriel Luís Sarmiento,leonormachado@example.org,2025-05-14,20,Costa Rica
478,Alfonso Moliner Castañeda,mike38@example.net,2025-01-07,18,Cameroon
479,William Ferguson,quirogaangelina@example.org,2025-07-18,39,Albania
480,Elizabeth Kemp,snevado@example.org,2025-06-28,67,Tailandia
481,Albano Herberto Giménez Salmerón,nguyencathy@example.org,2025-04-02,26,Congo
482,Julio César Salinas Bonet,tracymorrison@example.net,2025-07-04,58,Indonesia
483,Flora Polo Peralta,onofre54@example.com,2024-02-13,34,Saint Vincent and the Grenadines
484,Donna Shaffer,ltaylor@example.net,2023-12-23,28,Lebanon
485,Tyler Avila,reciofeliciana@example.com,2024-01-14,65,Russian Federation
486,Ciro Pizarro,twilliams@example.net,2024-09-04,46,Czech Republic
487,Carmelo Jáuregui Marín,valdezpatricia@example.com,2024-09-02,53,Argelia
488,Jose Manuel Batlle-Pardo,ooneill@example.net,2025-08-21,63,Kuwait
489,Ceferino Barragán-Coll,ijohns@example.com,2023-10-17,45,Italy
490,Eddie Fowler,maria-doloresespanol@example.org,2024-10-10,53,Sweden
491,Michael Cox,alexanderholmes@example.com,2024-07-06,18,Brunei Darussalam
492,José Giner Fabra,eserna@example.org,2025-07-15,25,Guernsey
493,Brenda Ramos,jenniferjohnson@example.org,2023-12-12,22,Togo
494,Bernardino Cruz Castillo Bermudez,joneskim@example.com,2024-01-30,62,Sudán del Sur
495,Azahara Isern Aroca,guadalupe01@example.org,2024-11-11,27,Dominicana
496,Charles Francis,michael89@example.org,2023-11-20,52,Polonia
497,Epifanio Duarte,gargallozoraida@example.net,2024-06-02,20,Mauritania
498,Silvestre Pacheco Pino,willierussell@example.com,2024-08-14,41,Nueva Zelandia
499,Kristin Williams,swilson@example.com,2025-01-23,55,Czech Republic
500,Scott Lopez,lpedrero@example.org,2025-01-12,53,Kazakhstan
501,Calixto Prat Pérez,bertoparra@example.org,2024-02-02,27,British Virgin Islands
502,Paola Valera Lopez,qkelly@example.net,2025-08-30,45,Cameroon
503,David Crawford,cabezasmalena@example.org,2024-09-07,26,Dinamarca
504,Erin Turner,vizcainomaria-fernanda@example.com,2024-02-03,20,Liechtenstein
505,Rhonda Fernandez,rossilvia@example.org,2024-08-03,37,Kenya
506,Christopher Hopkins,travistaylor@example.net,2024-08-30,41,República Democrática del Congo
507,Melissa Armstrong,williammyers@example.com,2024-12-02,68,Seychelles
508,Alfred Williams,lisa90@example.net,2024-06-13,20,Guatemala
509,Anthony Sanchez,dora11@example.com,2024-05-12,40,Qatar
510,Matthew Henderson,andrew79@example.org,2024-06-11,31,Gibraltar
511,Armida Fuster Navarrete,garrett45@example.com,2024-09-06,61,Qatar
512,Eligio Amado Martinez Quesada,bustamantedora@example.com,2023-10-28,33,Japan
513,Rosalinda Benítez Matas,ualvarado@example.org,2024-06-29,60,Paraguay
514,Mauricio Villalonga Estévez,donnaholloway@example.com,2025-07-25,24,Vietnam
515,Chus Pastor,johnfrancis@example.com,2024-07-04,40,Sierra Leona
516,Débora Madrid Cueto,richardwilson@example.org,2024-03-06,67,Kyrgyz Republic
517,Jessica Lucas,felicianollamas@example.org,2024-03-15,53,Palestinian Territory
518,Poncio Torre Aller,mireligia@example.com,2025-06-28,44,Ukraine
519,Stacey Sanders,danivall@example.org,2024-09-05,57,Fiji
520,Eulalia Porta Guzman,drewthompson@example.com,2024-07-03,65,Noruega
521,Ashley Gardner,sylviasuarez@example.org,2024-08-21,27,Swaziland
522,Walter Obrien,jose-luisplanas@example.com,2025-06-30,33,Portugal
523,Gala Aguiló Pozo,christopher34@example.org,2025-07-09,28,Turkmenistan
524,Denise Miller,vmclaughlin@example.net,2025-06-10,69,Costa Rica
525,Heather Guzman,wneal@example.org,2024-12-12,69,Afganistán
526,Eric Johnston,josepvillalonga@example.net,2025-05-20,29,Somalia
527,Shane Anderson,nerea43@example.org,2024-06-03,44,Turkey
528,Stacey Walker,victoriaborrell@example.com,2024-03-18,19,Azerbaiyán
529,Lindsay Hernandez,staceywilson@example.net,2025-03-27,29,Sweden
530,Micheal Lee,julie62@example.com,2024-11-20,65,Saint Lucia
531,Carolina Real Coello,juan-francisco39@example.com,2024-06-05,39,Belize
532,Benita Morales Puga,vrocha@example.net,2023-11-01,68,Bahamas
533,Kaitlin Gomez,izaguirreanna@example.net,2024-04-17,44,Paraguay
534,Steven Williams,fortunato87@example.com,2023-12-14,69,Russian Federation
535,Bruce Williams,vlucas@example.com,2024-04-02,60,New Zealand
536,Jessica Martin,angelalivingston@example.net,2023-10-17,65,Bahamas
537,Alejandro Sosa Juan,hrubio@example.com,2024-07-27,69,Kuwait
538,Nathan Hernandez,harrisjustin@example.org,2024-10-24,33,República Popular Democrática de Corea
539,Raquel Escribano,sancheztyler@example.org,2023-09-27,35,Libia
540,Tiffany Hood,bertranedgar@example.net,2024-08-05,28,Nepal
541,Amada Santamaría Morcillo,rosaliaatienza@example.net,2024-05-02,68,Yemen
542,María Cristina del Bru,gregory61@example.org,2024-01-06,62,Finland
543,Eustaquio Tudela Rosell,michaeldavis@example.com,2024-08-31,24,Lebanon
544,Jenny Avila,ryansimmons@example.org,2025-08-20,42,Sri Lanka
545,Lucila Zamorano Blanes,zkim@example.com,2023-12-26,20,Timor-Leste
546,Kelly Phillips,arrietaarmida@example.org,2024-07-06,48,Panama
547,Kevin Mack,sevillanogaston@example.org,2023-10-12,32,Turkey
548,Nathaniel Todd,matthew23@example.org,2025-03-08,30,Tunisia
549,Luna Alemán Adán,smithdiana@example.com,2025-06-05,70,Gabon
550,Tracey Leonard,martinezalexander@example.org,2025-01-29,47,Arabia Saudita
551,Mirta Codina Herranz,christophercarrillo@example.org,2024-07-13,40,Côte d'Ivoire
552,Julieta Soto Aller,jameshudson@example.com,2024-05-10,37,Seychelles
553,Sarah Mclaughlin,freemantodd@example.net,2024-02-25,70,Polonia
554,Maricruz Moles Bartolomé,hsmall@example.com,2024-08-01,68,Angola
555,Primitivo Clemente Soria Núñez,williammatthews@example.net,2025-07-13,32,Bulgaria
556,Jeanette Butler,kmarsh@example.net,2024-04-02,32,Suiza
557,Curtis Obrien,turibe@example.org,2024-10-20,19,Kazajstán
558,Christopher Clayton,nebottito@example.org,2023-12-06,60,Nigeria
559,Rachel Hammond PhD,melissarusso@example.net,2025-02-06,30,South Georgia and the South Sandwich Islands
560,Nicole Villegas,vendrellcruz@example.org,2025-06-06,43,Cayman Islands
561,Pamela Jimenez,florparra@example.com,2023-12-07,39,Mauritania
562,Adriana Davenport,justin21@example.com,2025-02-12,35,Guyana
563,Renato Ávila Robles,nidiaromeu@example.com,2025-06-26,22,Western Sahara
564,Blanca Agustín Villar,neiramaxi@example.com,2024-07-22,67,Senegal
565,Vito Barco Vizcaíno,rmorales@example.net,2025-02-17,35,United States of America
566,Douglas Rose,psalmeron@example.org,2025-01-30,40,Singapore
567,Aristides Alejandro Nadal Porta,ignacio18@example.net,2024-09-24,59,Antigua y Barbuda
568,Martina del Hernández,hbenitez@example.net,2025-05-16,50,Niue
569,Peter Pugh,ashley07@example.com,2025-04-19,43,Japón
570,Richard Espinoza,vvizcaino@example.org,2024-05-05,61,Kenya
571,Michael Poole,barriosteodoro@example.org,2024-02-13,52,Kiribati
572,Kelly Foster,cfields@example.net,2025-02-24,39,Swaziland
573,José Antonio Castejón Tormo,tammypalmer@example.net,2025-01-28,19,Lebanon
574,Lino Peiró Carrera,martinezashley@example.org,2023-12-04,25,Holy See (Vatican City State)
575,Alfred Thomas,zunigakevin@example.com,2024-01-20,34,Afghanistan
576,Febe de Arribas,kberry@example.com,2025-04-02,29,Syrian Arab Republic
577,José Antonio Serna Sandoval,michellenguyen@example.net,2024-06-18,55,Guadeloupe
578,Paulina Lobato Borrego,mendizabalchelo@example.net,2024-12-22,34,Egipto
579,Lourdes Fajardo-Tamarit,escolanoalejo@example.com,2024-03-06,20,Belize
580,Andrew Atkins,ulises26@example.org,2024-06-14,24,Burundi
581,Carla del Cobo,maria-jesus12@example.com,2025-01-17,56,Santo Tomé y Príncipe
582,Micheal Evans,erasmo65@example.com,2025-07-28,45,Bahamas
583,Renato de Ureña,adamslucas@example.net,2023-10-26,40,Madagascar
584,Eloy Cadenas Hoz,clementina67@example.org,2025-04-03,64,Kuwait
585,Julio César del Sans,sobrinopaula@example.net,2024-12-29,68,Afganistán
586,Elena Iglesia Pinto,brendadixon@example.org,2025-03-02,38,Honduras
587,Octavia Casado Chaves,gclark@example.com,2024-12-16,45,Faroe Islands
588,Evita Galvez Segura,sloandennis@example.org,2023-09-12,56,Swazilandia
589,Manu Torrijos Pozo,anguitatecla@example.net,2025-01-12,50,Suriname
590,Heather Thompson,sevillanoraimundo@example.org,2023-09-15,25,Guinea
591,Robert Garrett,anaparejo@example.org,2024-09-03,42,Albania
592,Aura Lobato Vall,andreakeller@example.net,2023-10-26,54,Yemen
593,Efraín Goñi Zabala,melaniejohnson@example.net,2025-01-18,30,Afghanistan
594,Terri Williams,arichard@example.com,2025-01-18,34,Lithuania
595,Amanda Griffith,zaida68@example.com,2023-09-12,20,Islas Salomón
596,Roxana Amaya-Gonzalez,starkjames@example.com,2023-10-24,63,Argelia
597,Alexander Robles,john73@example.com,2025-05-01,45,Bélgica
598,Lori Riley,aragonesrene@example.com,2025-04-03,18,México
599,Marcos Matías Rosales Bastida,azorinmacario@example.com,2023-11-18,51,Djibouti
600,Fátima Simó Roman,florina07@example.net,2024-11-11,69,Brunei Darussalam
601,Oriana Anabel Ferrer Cases,robert97@example.org,2023-12-18,52,Bangladesh
602,Luís Isaías Vilalta Pallarès,dylanparker@example.com,2024-06-04,61,Papua Nueva Guinea
603,Diego Vendrell Ballester,james33@example.org,2024-01-25,64,Puerto Rico
604,Erin Lane,robert21@example.com,2024-09-05,65,Singapur
605,Joan de Haro,lindsay63@example.com,2025-05-04,65,Kenya
606,Gastón Andrés Cardona,valerio39@example.com,2025-08-21,60,El Salvador
607,Stephen Higgins,gregorysmith@example.com,2023-09-24,30,Letonia
608,Clementina Mayol Sastre,nydia52@example.net,2025-06-12,41,Cabo Verde
609,Régulo Falcó Feliu,louis63@example.org,2025-05-25,45,Somalia
610,Delia Baeza Losada,ugallart@example.org,2025-04-09,22,Côte d'Ivoire
611,Maria Hicks,twhite@example.com,2025-02-13,60,Lebanon
612,Margaret Gibbs,isidorofranco@example.com,2024-06-24,39,Jamaica
613,Taylor Brooks,maricruzblasco@example.com,2024-09-22,57,República Popular Democrática de Corea
614,Loida Navarrete Rojas,xreynolds@example.com,2024-03-26,38,Dinamarca
615,Matthew Howard,purificacion88@example.net,2025-04-05,60,Brasil
616,Geraldo Arenas Fonseca,emilywright@example.net,2024-01-26,25,Zimbabwe
617,Elijah Short,wunderwood@example.net,2024-08-19,64,Liechtenstein
618,Porfirio de Sánchez,vserra@example.org,2025-05-19,37,Sierra Leone
619,Jerry Hansen,barbaraanderson@example.net,2024-09-08,50,Guadeloupe
620,Imelda Quintanilla Marí,bradleyantonio@example.org,2025-08-23,37,Montenegro
621,Christina Myers,thomasmurphy@example.com,2023-11-16,60,Swazilandia
622,Severiano Torres Amor,buenaventurapolo@example.com,2024-02-26,44,Mongolia
623,Lorenza Alba Duarte,hmyers@example.org,2024-08-23,38,Liberia
624,Trinidad Fuster Menendez,kmoore@example.com,2024-09-10,43,Falkland Islands (Malvinas)
625,Calixto Salinas Baró,aliciakent@example.com,2024-08-12,62,Venezuela
626,Mohamed Valero Sastre Oliver,zaustin@example.org,2024-03-09,36,Kuwait
627,Catherine Carroll,allenmonica@example.com,2025-01-08,53,Trinidad y Tabago
628,Guiomar Carrión Peinado,vargasmaria-dolores@example.com,2024-08-03,26,Cote d'Ivoire
629,Alba Beltran Serrano,julie36@example.org,2024-03-10,30,Islandia
630,Mr. Joshua Allen,thomasramirez@example.org,2025-05-13,44,Dinamarca
631,Patrick Jackson,fabio75@example.org,2025-02-12,60,México
632,Miguela Calderon,scott90@example.org,2025-03-22,42,Kuwait
633,Artemio Alcázar,haysmatthew@example.org,2024-02-17,61,Suiza
634,Alfredo Ricart Vila,mohamed83@example.net,2025-07-22,65,Wallis and Futuna
635,Daniel Kelly,quesadafrancisca@example.com,2024-06-19,29,Cyprus
636,Moreno Peinado-Arranz,segismundomata@example.net,2025-08-27,57,Tuvalu
637,Asdrubal Morata-Pont,gabino57@example.org,2023-09-21,54,Hong Kong
638,Maristela Alcalde,casanovamartin@example.org,2025-03-15,37,Bangladesh
639,Leticia Martin Franch,pfuente@example.org,2025-07-15,43,Saint Vincent and the Grenadines
640,Evan Buchanan,wmaldonado@example.org,2025-05-20,53,Guam
641,Julián Balaguer,emapizarro@example.net,2024-01-21,18,Barbados
642,Corey Walters,edgardobravo@example.org,2024-02-28,37,Malta
643,Nathan Sanchez,marciomachado@example.net,2025-08-16,36,Grecia
644,William Sanders,bsainz@example.net,2025-03-17,31,Angola
645,Bradley Knox,angelathompson@example.com,2024-04-19,45,Honduras
646,Chad Harrison,adalbertoalberto@example.net,2024-09-02,68,Wallis and Futuna
647,Jacqueline Burns,harias@example.com,2024-01-28,55,Equatorial Guinea
648,Katherine Barker,vrodrigo@example.org,2024-08-23,56,Norfolk Island
649,Eladio Sarabia Colom,carrielynn@example.org,2023-12-03,59,Somalia
650,Kevin Santana,bdaza@example.com,2024-09-08,38,Namibia
651,Nicole Glass,ocanaodalys@example.org,2025-03-09,47,Qatar
652,Christopher Vasquez,riosbeatriz@example.com,2025-02-25,46,Dinamarca
653,Chad Tucker,lgarcia@example.org,2025-03-10,46,Georgia
654,Thomas Rodriguez,marcosche@example.com,2024-03-29,61,Antarctica (the territory South of 60 deg S)
655,Julieta Cabrero Agustí,maricruz09@example.org,2024-02-10,31,Lesotho
656,Kara Rogers,nathan55@example.org,2025-01-07,50,New Zealand
657,Trinidad Murillo Cabrera,uquerol@example.org,2024-11-21,48,Zambia
658,Jennifer Talavera Villa,aaronlittle@example.com,2024-12-15,68,Venezuela
659,Cynthia Washington,tiburcio71@example.net,2024-04-10,68,Tuvalu
660,Valentina Vargas,anastasiabonet@example.com,2024-01-09,65,Zimbabwe
661,Narcisa Hernando Hervia,marisaborras@example.org,2025-09-04,28,Costa Rica
662,Pamela Robinson,qlynn@example.org,2025-07-14,60,Bermuda
663,Tara Miranda,rene68@example.com,2024-02-19,23,Guyana
664,Arsenio Nieto Fabra,edu56@example.net,2024-04-23,36,Liberia
665,Jacob Shelton,custodioprats@example.org,2024-04-26,50,Taiwan
666,Nieves Sarmiento Colom,juliesweeney@example.net,2024-11-19,60,Macao
667,Teobaldo Tejera-Garriga,janet60@example.com,2025-05-06,58,Vanuatu
668,Íñigo Escamilla Torrent,tracey20@example.net,2024-05-12,57,Guernsey
669,Joseph Campbell,icabanillas@example.com,2025-05-22,39,Kuwait
670,Bernardita Sala-Tolosa,jasonbrock@example.org,2024-05-30,23,Tailandia
671,Inmaculada Diéguez Barbero,ainoa20@example.org,2024-11-15,70,Serbia
672,Bryan Sanders,denisebennett@example.net,2025-03-30,66,Falkland Islands (Malvinas)
673,Bryan Miller,andrewberry@example.net,2024-03-27,33,Rumania
674,Julie Roura Martín,morellbernardo@example.net,2024-07-01,61,Libia
675,Ryan Ryan,genovevacarpio@example.org,2023-09-12,37,South Georgia and the South Sandwich Islands
676,Carl Harris,jerezrenata@example.org,2025-08-25,32,Haiti
677,Máxima Abad Hurtado,shahapril@example.com,2023-12-20,69,Puerto Rico
678,Victoria Bell,arribasjordi@example.org,2023-12-21,30,Chad
679,Felisa Lobato-Castells,piercejorge@example.net,2024-06-27,27,Gambia
680,Briana Harris,jenniferelliott@example.net,2024-07-11,19,Irán
681,Victor Wright,schmidtgabriella@example.com,2024-05-06,20,Kenya
682,Brianna Yates,garciatiffany@example.org,2025-08-04,33,Cuba
683,Renee Davis,andrea91@example.org,2024-04-28,48,Cocos (Keeling) Islands
684,Megan Kramer,qvargas@example.org,2025-01-01,57,Lesotho
685,Nicholas Villegas,lseco@example.com,2025-04-14,67,Falkland Islands (Malvinas)
686,Michelle Bradshaw,fabiola14@example.com,2025-05-18,22,Belice
687,Celestino Barceló Blazquez,astokes@example.com,2024-08-24,47,Luxemburgo
688,Celestina Zaida Aguilar Rodríguez,virginiaguerrero@example.net,2024-11-25,44,Swazilandia
689,Anselmo Pedraza Cañellas,hendersonnicholas@example.com,2024-05-13,58,Reino Unido de Gran Bretaña e Irlanda del Norte
690,Eutimio Jose Antonio Marin Landa,pradaisaac@example.com,2025-07-23,54,Azerbaijan
691,Joe Evans,olmotania@example.net,2024-06-28,30,Brasil
692,Bradley Robertson Jr.,jaguilar@example.net,2024-02-21,63,Holy See (Vatican City State)
693,Steven Herrera,mayodiana@example.com,2023-12-20,62,Albania
694,Michelle Rodriguez,andersonrobert@example.com,2024-01-04,42,Nicaragua
695,John Simpson,maricruz68@example.net,2023-12-14,49,Antigua y Barbuda
696,Francisco Jose Vall Alcalde,noguestimoteo@example.net,2024-07-22,43,Finland
697,Jeffrey Williamson,lisandrocardona@example.com,2025-01-08,33,Congo
698,Rhonda Haynes,ritacomas@example.org,2023-12-14,27,Guatemala
699,Ignacio Alemán Flores,pintosaturnino@example.net,2025-02-01,59,Estados Unidos de América
700,Antonio Simmons,damian45@example.com,2025-02-10,62,Iraq
701,Alex Abascal Azorin,justinramirez@example.net,2024-07-19,18,Yemen
702,Eric Davis,natanaelpalomo@example.net,2025-03-05,66,Dominica
703,James Eaton,armengoldelia@example.net,2024-01-28,67,Uzbekistan
704,Leandro Novoa Mata,amandahernandez@example.org,2024-07-10,24,Uganda
705,Joan Love,webbalexandra@example.net,2024-01-09,67,Qatar
706,Alonso Lorenzo Barrera Falcón,gcohen@example.org,2024-07-24,45,Monaco
707,Devon White,doraagullo@example.net,2024-09-11,32,Gabon
708,Paulino Eloy Carrera Donoso,garatelupe@example.org,2025-07-28,29,Vanuatu
709,Ulises Aznar-Ibarra,abellaflorencia@example.com,2024-05-03,69,Saint Helena
710,Viviana Mariño Morata,pagesisidoro@example.net,2024-01-16,62,Qatar
711,Montserrat Jiménez Fábregas,markharris@example.net,2023-12-31,51,Uzbekistán
712,Steven Davis,lesteban@example.org,2025-07-29,47,Sri Lanka
713,Christopher Thompson,chadjones@example.org,2025-07-04,21,Bolivia
714,Marcial Cabo Pina,rodriguezalexander@example.net,2023-12-14,53,Granada
715,Adora Rosa María Agustí Camino,harristimothy@example.net,2025-04-27,33,Greenland
716,Anthony Holt,arribascristian@example.net,2023-11-22,25,Cambodia
717,Albano de Roldán,michaelmitchell@example.net,2025-01-23,47,Noruega
718,Dani Cal Luján,gilbertdavid@example.org,2024-11-23,26,Malta
719,Meghan Hernandez,michael14@example.com,2025-07-21,69,Afganistán
720,Feliciano Coloma Portero,hbriggs@example.net,2025-08-10,47,Cameroon
721,Belen Espada Plaza,troy76@example.net,2023-12-19,60,Líbano
722,Kimberly Vasquez,lblanes@example.net,2024-09-28,51,Túnez
723,Gerardo de Frutos,celestina72@example.org,2025-07-06,53,Thailand
724,Jeremías Calixto Robledo Herrera,basiliocervera@example.org,2024-06-10,56,Trinidad y Tabago
725,Michael Bates,bcruz@example.org,2023-12-21,38,Belice
726,Selena Rico-Conde,vchaves@example.net,2024-08-17,66,Kenya
727,Bartolomé Casemiro Barreda Antón,aitorprieto@example.com,2024-10-18,46,Uruguay
728,Jessica Moore,vcasares@example.org,2024-12-04,57,Libia
729,María Del Carmen de Solís,denise66@example.org,2025-04-18,70,Congo
730,Blake Morrison,allenfrancisco@example.org,2024-02-10,64,Indonesia
731,Cintia de Hernandez,davilaannette@example.net,2023-10-12,50,Bermuda
732,Howard Campbell,leonardmyers@example.com,2025-02-03,45,Islas Marshall
733,Kathy Shaw,pinaalbina@example.net,2024-04-08,53,Tayikistán
734,Mark Cisneros,noemichico@example.net,2025-09-04,46,Kiribati
735,Ema Palomino Rosa,nharo@example.net,2025-08-09,28,Bhutan
736,Rodolfo Mendoza Bonet,gibsongeoffrey@example.com,2023-10-28,65,Guinea
737,Chuy Serna Jordá,kathryn72@example.org,2023-10-07,48,Iran
738,Sylvia Anderson,nathaniel68@example.com,2025-06-11,46,San Vicente y las Granadinas
739,Pancho de Cortes,remigio29@example.com,2024-02-19,34,Paraguay
740,Josefa Solís Sola,escribanolupita@example.org,2025-03-23,66,Lituania
741,Grant Munoz,rcarbo@example.com,2024-10-11,33,Cameroon
742,Margarita Angulo Pinto,montserrat67@example.org,2024-02-10,58,Timor-Leste
743,Mark Miller,sandalio14@example.net,2025-06-06,35,Suriname
744,Anthony Jacobson,tabitha42@example.org,2025-07-28,67,Lebanon
745,Felicidad Porcel Agustín,cocamoises@example.net,2023-09-19,67,Vietnam
746,Teresa Moliner Carballo,abigail07@example.org,2024-12-19,51,Armenia
747,Humberto Delgado,michaelfarley@example.net,2024-06-05,49,Andorra
748,Kathryn Parrish,wgutierrez@example.com,2024-09-25,58,Brazil
749,Inés Perea Elorza,spizarro@example.net,2024-12-15,33,Bolivia
750,Moreno Alegre Reina,ocabo@example.com,2025-01-09,35,Croatia
751,Mamen Piquer Carbó,wcasanova@example.com,2025-07-03,46,Albania
752,Katie Adams,mary63@example.org,2023-10-02,22,Comoras
753,Kelly Figueroa,george96@example.org,2024-01-27,63,Switzerland
754,Inés Castells-Portero,hmonreal@example.org,2024-02-24,36,Pakistán
755,Rita Pou-Juan,herminio11@example.org,2023-09-17,33,Argelia
756,Francisca Amaya-Castrillo,jacob34@example.org,2025-02-20,35,Sierra Leone
757,Denise Donovan,canteroangel@example.net,2023-11-26,39,Estonia
758,Antonio Urrutia Pardo,fcabrero@example.org,2023-11-01,38,Eslovaquia
759,Erik Odonnell,marcagustin@example.org,2023-12-03,52,Guatemala
760,Lindsay Smith DDS,leeanthony@example.org,2024-02-14,23,Brazil
761,Fernando Chacón Gimeno,juliollanos@example.com,2025-08-05,26,Russian Federation
762,Robert Graham,johngonzalez@example.net,2025-08-12,27,República Popular Democrática de Corea
763,Daniel Bowen,vhenderson@example.com,2024-12-07,32,Japan
764,Feliciana Pereira-Baró,pamelarubio@example.com,2024-04-10,42,Indonesia
765,Cipriano Mora Román,jose-luis13@example.net,2024-06-06,62,British Virgin Islands
766,Noemí Alba Mulet,omontoya@example.net,2024-06-16,27,Perú
767,Lisandro Lobo Benavides,ustewart@example.org,2023-10-15,63,Luxembourg
768,Humberto Carreras-Casanova,carolyngarza@example.org,2024-04-04,31,Mozambique
769,Walter Johnson,filomena01@example.com,2025-05-07,22,Saint Kitts and Nevis
770,Paul Ross,zsalazar@example.com,2024-09-03,44,Kuwait
771,Dani Asenjo Alarcón,moraledarosalva@example.net,2024-02-21,44,Ecuador
772,Kimberly Smith,sol01@example.org,2023-11-02,39,Portugal
773,Christopher Taylor,martinezmichelle@example.net,2024-12-17,52,Paraguay
774,Judith Trillo-Lozano,qperez@example.com,2024-05-24,47,Sudán del Sur
775,Anselmo Urrutia Barrena,garzonadelina@example.com,2024-08-30,44,Cote d'Ivoire
776,Emily Gibson,castilloisidoro@example.com,2025-08-21,21,Lituania
777,Emilio Rocha Córdoba,thomasnancy@example.net,2024-03-02,31,Colombia
778,Matthew Chavez,mcintoshchristopher@example.com,2023-12-28,44,Malawi
779,Dominic Davis,mlee@example.com,2024-11-16,42,Maldives
780,Anthony Wright,dariobaena@example.org,2024-03-01,67,Guatemala
781,Odalis Otilia Quiroga Pou,robinsonmadison@example.net,2024-09-04,55,Eritrea
782,Michele Roberts,esteveanita@example.net,2025-03-02,62,Croacia
783,Carol Cook,suzannewade@example.com,2023-09-24,19,Turkmenistan
784,Norberto Agustí Ortuño,freemanjohn@example.org,2025-04-29,66,Syrian Arab Republic
785,Lidia Diego,cabomarco@example.net,2024-08-04,54,Mayotte
786,Dawn Ellis,jennifer89@example.com,2024-03-24,42,Chipre
787,Mary Thomas,sanchezjoyce@example.com,2024-02-06,48,Egipto
788,Tracie Wiley,josephshelton@example.com,2024-11-12,18,Georgia
789,Luis Miguel Viña Nuñez,ksanz@example.com,2023-11-28,40,Omán
790,Nieves Conesa Zabala,kevinroberts@example.com,2024-08-05,37,Guinea Bissau
791,Jose Ignacio Maza Adadia,donna00@example.com,2024-05-22,66,Solomon Islands
792,Pepe Lillo Clavero,sberrocal@example.org,2024-08-19,42,Egypt
793,Walter Garcia,carla29@example.com,2025-04-19,44,Tayikistán
794,Borja Rico-Flores,christopher97@example.net,2024-06-09,52,Bhutan
795,Isaura Millán,dgomez@example.com,2024-08-11,65,Maldivas
796,Marino Mate Herrera,christineyoder@example.com,2025-03-14,65,Brunei Darussalam
797,Julie Hines,millerjoseph@example.net,2024-05-09,52,Guyana
798,Sharon Martinez,ascensioncobos@example.net,2023-12-17,69,Hungría
799,Taylor Shaffer,bautistaaaron@example.org,2024-09-22,56,Eritrea
800,Aitana Vega Salcedo,howekevin@example.com,2025-04-30,32,Swaziland
801,Lisa Reynolds,erasmohernandez@example.org,2024-08-22,49,French Guiana
802,Leire Pedrero-Llopis,gwolfe@example.com,2025-04-25,32,Argelia
803,Justin Smith,brewerpatricia@example.net,2023-10-10,35,Burundi
804,Judy Smith,angelita83@example.com,2024-09-18,45,Sudán
805,Morena Nicolau Segura,milagros46@example.org,2024-06-10,49,New Caledonia
806,Olga Vendrell-Zaragoza,heidichapman@example.net,2024-11-09,19,Bangladesh
807,Teodosio Cuenca Guardiola,valerairis@example.com,2025-03-17,42,Brunei Darussalam
808,Priscila Rivera Baró,dario01@example.com,2024-11-25,39,Cuba
809,Jerry Anderson,jose-antoniotudela@example.com,2024-02-20,60,Mauricio
810,Lupe Amador Bárcena,checateodora@example.org,2025-03-28,61,Italia
811,Leonor Falcón,wvalle@example.com,2025-04-16,69,Japan
812,Laura Martinez,wilsonjerry@example.net,2023-09-25,43,Uzbekistan
813,Hunter Brennan,carlito89@example.org,2024-06-26,64,República Árabe Siria
814,Jovita Jódar-Andrés,tadeo43@example.com,2023-12-19,28,Uzbekistan
815,Jose Manuel de Aranda,dodsoncarly@example.net,2025-06-18,47,Yemen
816,Porfirio Arnaiz-Calvet,overa@example.net,2024-07-20,26,Slovenia
817,Amaro Amo Ferrández,tranbrett@example.com,2024-07-19,57,Mexico
818,Isidoro Carranza Pedro,matthewhull@example.org,2023-11-15,52,Etiopía
819,Stacy Mcguire,iborraodalis@example.org,2023-10-20,19,Cocos (Keeling) Islands
820,Gregory Rios,efrain96@example.com,2024-12-31,43,Gabón
821,Olalla Palau Giménez,shelly84@example.net,2024-09-28,55,Ghana
822,Fulgencio Reig Torre,harrisderrick@example.net,2024-04-18,54,Camboya
823,Rachel Johnson,hsantiago@example.org,2025-05-12,60,Fiji
824,Vincent Brown,ysmith@example.com,2023-10-11,19,Letonia
825,Luisina Badía Mayol,amancio95@example.com,2025-03-15,23,Saint Kitts and Nevis
826,Rachel Mcfarland,ponslorena@example.net,2025-05-28,59,Jamaica
827,James Reese,vilmaalcantara@example.com,2023-11-10,45,Reino Unido de Gran Bretaña e Irlanda del Norte
828,James Gilbert,donna90@example.org,2024-10-28,26,Taiwan
829,Jill Smith,warco@example.com,2024-07-03,47,Guatemala
830,Jessica Scott,misty23@example.net,2023-12-25,29,Federación de Rusia
831,Cirino Velázquez Sacristán,tranjeremy@example.net,2025-08-21,21,Tailandia
832,Amanda Young,vendrellvicente@example.org,2024-02-29,34,Montserrat
833,Melanie Jones,douglas59@example.com,2025-08-21,42,Latvia
834,Caitlin Williams,caminoemelina@example.org,2024-09-16,38,Wallis and Futuna
835,Selena Antúnez Conesa,friedmansusan@example.org,2024-10-06,31,Polonia
836,Jovita Mónica Zamorano Viña,joseph94@example.org,2024-03-04,47,Djibouti
837,William Steele,wcox@example.net,2025-07-08,38,Netherlands
838,Roberta Riquelme Gras,maxiramon@example.net,2024-11-24,39,Guam
839,Jason Wagner,lfiguerola@example.com,2024-01-08,66,Estonia
840,Beth Johnson,vaughnveronica@example.org,2025-07-01,42,Brunei Darussalam
841,Dana Carter,brittany91@example.net,2023-11-01,35,Zambia
842,Lynn Yang,katherine22@example.net,2023-12-29,66,Rumania
843,Jody Flores,maria-teresa13@example.com,2024-05-15,44,France
844,Peter Mckay,titovives@example.com,2023-11-20,34,Chad
845,Emigdio Jose Francisco Ródenas Goicoechea,yessica49@example.org,2025-01-08,23,Botswana
846,Sofía de Amorós,adolfotorres@example.org,2024-02-04,48,Saint Martin
847,Sandra Phillips,salestamara@example.com,2024-03-19,19,Guinea
848,Rosaura Bermúdez Girón,faustino85@example.com,2024-12-12,65,Turkmenistán
849,Amanda Garcia,mckenzieguerrero@example.net,2025-08-02,52,Finlandia
850,Florina Gimeno-Ferrán,lhernandez@example.net,2024-04-02,21,Sierra Leona
851,Tatiana Gargallo,fbautista@example.net,2025-02-09,40,Maldivas
852,Lynn Young,lmoreno@example.com,2025-06-09,32,Liechtenstein
853,Kimberly Phillips,madrigalsimon@example.com,2024-03-07,59,Brazil
854,Esther Carballo Olivera,kimwebb@example.com,2025-01-23,22,Guyana
855,Stacy Patton,juan-carlos56@example.com,2024-07-15,67,United States Minor Outlying Islands
856,Jose Carlos Gilabert-Nicolás,victorino63@example.net,2024-10-04,59,Santo Tomé y Príncipe
857,Joshua Clements,xbosch@example.net,2025-07-06,20,Sudán
858,Clementina Paredes,pilipriego@example.net,2024-04-08,66,Kuwait
859,Juan Wright,almagromarisol@example.net,2024-09-09,19,Armenia
860,Eutropio Albano Grau Huertas,maribel16@example.net,2023-12-13,33,Tokelau
861,Angelino Vargas Ribes,corderoclaudio@example.net,2024-01-29,30,Slovenia
862,Patrick Turner,corycosta@example.net,2024-06-10,19,Bermuda
863,Mar Lopez Tomas,patrickkaiser@example.net,2025-08-04,57,Mónaco
864,Aitana Puerta-Guerra,thomas14@example.com,2025-04-22,27,Botswana
865,Toni Trillo,cidsamuel@example.net,2024-09-25,33,Bangladesh
866,Eric Morgan,montoyajennifer@example.net,2025-06-07,26,Portugal
867,Rosalina del Valero,marcfletcher@example.net,2025-07-13,48,Reunion
868,Belen Alcalde Cáceres,hectorrio@example.org,2025-06-17,60,Chile
869,Shane Barnes,desiderio64@example.net,2024-09-24,25,Mongolia
870,Espiridión Zabala Fuente,thomas35@example.net,2024-01-07,54,Algeria
871,Chris Jones,judith33@example.net,2024-10-06,31,Bhutan
872,Josefina Martirio Crespi Batlle,michaelsmith@example.org,2024-04-03,47,Myanmar
873,Randall Villa,corominascristian@example.net,2024-03-31,62,Mongolia
874,Sabas Yuste Piñol,tammy97@example.org,2023-09-10,34,España
875,Brunilda Bienvenida Cózar Talavera,casemiro02@example.net,2024-07-15,67,Greece
876,Autumn Castro,wmccarthy@example.com,2024-09-30,41,Côte d'Ivoire
877,Sara Castro,gina86@example.net,2024-01-17,28,Timor-Leste
878,Hannah Coleman,lperello@example.net,2024-01-30,56,Malta
879,Lázaro Menéndez Moya,yolanda48@example.org,2023-10-03,56,Norway
880,Zachary Padilla,maddoxmadeline@example.net,2025-09-06,65,Liechtenstein
881,Pilar Calleja Arenas,salazarjennifer@example.net,2025-06-06,63,Bhután
882,Barbara Ramos,cleto84@example.org,2024-05-09,25,Ukraine
883,Palmira Pazos-Villalonga,qrico@example.net,2023-10-26,67,Uzbekistán
884,Jeremy Hill,oduran@example.net,2024-04-23,70,British Indian Ocean Territory (Chagos Archipelago)
885,Russell Miller,wilsonchristopher@example.net,2024-01-22,28,Croacia
886,Melchor Perera,wileysherry@example.com,2025-03-08,37,Indonesia
887,Olalla Madrid Enríquez,annettegutierrez@example.org,2025-06-15,24,Haití
888,Deborah Burns,kelsey87@example.net,2023-10-05,55,Cape Verde
889,Fanny Malo Galan,christopher34@example.org,2024-03-17,19,Papua Nueva Guinea
890,Berta Solera Moraleda,cbarrett@example.com,2024-12-12,37,Congo
891,George Leach,mariano27@example.net,2025-03-11,54,Sudan
892,Melissa Simon,johnnybrooks@example.com,2025-01-17,61,Armenia
893,Asunción Robledo,stephanie69@example.org,2024-09-17,42,Turks and Caicos Islands
894,Pili Chaparro-Castillo,wallerkyle@example.org,2024-08-09,43,Montenegro
895,Cornelio Dueñas Mata,lopezmichaela@example.com,2025-02-19,63,Timor-Leste
896,Christopher Garcia,robertabarnett@example.com,2025-03-19,30,Liberia
897,Rafaela Cañellas Pulido,lori69@example.com,2024-05-19,22,Estados Unidos de América
898,Gerónimo del Nieto,pberenguer@example.org,2024-09-08,55,Eslovenia
899,Gerald Valdez,justinhughes@example.com,2024-03-17,62,Christmas Island
900,Nilda Villar Camino,reedjessica@example.net,2025-04-18,58,Costa Rica
901,Jonathon Parks,bquerol@example.org,2024-07-15,33,Samoa
902,Priscilla Joseph,floydtina@example.net,2025-06-06,24,Colombia
903,Olga Jordá Figueroa,swilliams@example.org,2025-06-04,62,Haiti
904,Noelia Flora Iniesta Roig,katie08@example.com,2024-04-10,67,Andorra
905,Mark Larson,schmidtrandy@example.org,2024-10-04,37,Uzbekistán
906,Irene Llobet Ojeda,samanthaberger@example.net,2023-10-08,61,Holy See (Vatican City State)
907,Marco Cadenas Piña,aurea46@example.com,2024-01-21,56,Saint Helena
908,Azahar Feliu Julián,heatherwilliams@example.net,2024-02-13,69,Falkland Islands (Malvinas)
909,Josué Arroyo-Pujadas,leandro06@example.org,2025-04-02,25,Guatemala
910,Richard Reid,jafetalfaro@example.net,2024-02-17,68,Saint Lucia
911,Madison Murphy,aspears@example.com,2024-04-29,54,Canada
912,Kathryn Patel,zjaume@example.org,2024-12-13,68,Belize
913,Flora Mateu,shannon70@example.org,2024-12-08,20,Israel
914,Leopoldo Ramiro Tudela Guitart,nicholasrush@example.org,2024-06-24,40,Burkina Faso
915,Christopher Waters,nbell@example.com,2024-04-29,52,Norfolk Island
916,Lidia Poza Gomis,ssherman@example.com,2025-07-15,45,Lituania
917,Ronald Hines,placustodia@example.net,2025-08-21,60,Comoros
918,Consuelo Bernardita Vaquero Bernat,nguyenjohn@example.net,2025-01-21,41,Angola
919,Sharon Jefferson,upeinado@example.org,2024-08-19,22,Irlanda
920,Anacleto Victoriano Anguita Gabaldón,msanchez@example.com,2025-04-13,50,Macao
921,Socorro Eusebia Cuervo Hierro,smithantonio@example.net,2025-06-03,59,Tokelau
922,Jason Green,rodenasalicia@example.net,2024-04-10,39,Switzerland
923,Gloria Vidal Sacristán,garciamelanie@example.net,2025-02-17,18,Isle of Man
924,David Olson,riveraheather@example.com,2025-03-12,44,Guam
925,Erin Cole,brooke22@example.net,2023-09-27,70,Mongolia
926,Elizabeth Baldwin,rmarquez@example.com,2025-03-05,49,Chipre
927,Dawn Perez,eusebio90@example.com,2025-02-17,24,Lesotho
928,Milagros Costa Vallejo,nicholas72@example.net,2024-01-15,45,American Samoa
929,Coral Mendoza Fábregas,leopoldocarreras@example.net,2024-05-26,41,Montenegro
930,Viviana Gracia,graciana06@example.net,2025-08-04,58,Grecia
931,Jacinto Yáñez Huguet,nayara23@example.org,2024-01-16,47,Micronesia
932,Colton Rivas,azenethmateo@example.org,2024-02-22,63,Kyrgyz Republic
933,Vera de Montaña,alecarnero@example.com,2024-08-21,27,Reino Unido de Gran Bretaña e Irlanda del Norte
934,Lara Emperatriz Agustí Ropero,lferreras@example.net,2025-09-03,45,Saudi Arabia
935,Katherine Thompson,stephanie44@example.net,2024-05-15,29,Niue
936,Peter White,teodora87@example.com,2024-01-17,64,Peru
937,Scott Peterson,melaniacamps@example.org,2024-04-20,51,Ghana
938,Eric Lynch,faustino36@example.org,2024-11-28,59,Islandia
939,Rachel Chan,sarahkennedy@example.com,2023-12-23,35,Saint Lucia
940,Emily Parker,zsmith@example.org,2024-05-24,57,Mongolia
941,Michael Clark,marissa05@example.com,2024-05-04,69,España
942,Ashley Sanchez,ldavid@example.com,2025-04-02,52,Portugal
943,William Willis,barbafeliciana@example.com,2024-10-06,67,Uzbekistan
944,Chad Brady,jholloway@example.net,2024-11-01,48,Mauritania
945,Maribel Juliá Manuel,maria-pilarbayo@example.net,2025-08-08,47,United Kingdom
946,Cindy Morris,vparedes@example.org,2024-03-13,45,Chile
947,Inmaculada Prieto Torrecilla,vilaraul@example.org,2025-09-05,70,Somalia
948,Gene Jones,capdevilabernardita@example.org,2024-11-01,64,New Zealand
949,Rodolfo Rosa Lluch,vpreston@example.org,2023-11-01,55,Korea
950,Jennifer Carter,smithmarcus@example.org,2025-05-26,35,Martinique
951,Christina Underwood,jacobhernandez@example.com,2023-11-21,38,Camerún
952,Erin Stewart,heribertomateo@example.org,2025-09-02,33,España
953,Shawn Blackburn,camigo@example.net,2024-06-13,23,Kazakhstan
954,Ray Lawrence,diezantonia@example.net,2024-01-06,35,Cabo Verde
955,Heather Cowan,jasondavis@example.net,2024-08-23,46,Mongolia
956,Goyo Rivera Páez,poncio41@example.com,2024-02-23,33,Sudáfrica
957,Alexis Brandt,taylorjohn@example.net,2023-12-11,66,Chile
958,Amy Lang,christina26@example.org,2025-07-24,47,Vietman
959,Vanesa Canals Cámara,tfrias@example.com,2025-07-04,54,Nigeria
960,Alexander Johnson,mossdrew@example.com,2024-10-07,57,Congo
961,Félix Gisbert Briones,rodriguezthomas@example.com,2023-12-16,60,Indonesia
962,Steven Anderson,woodskaitlyn@example.net,2023-12-09,42,China
963,Ramiro Bustamante Quintero,wrightjohn@example.net,2024-05-06,39,Paraguay
964,Bonnie Henderson,plazaevelia@example.org,2025-08-25,19,China
965,Cecilio del Mora,wtomas@example.org,2024-08-04,49,Mongolia
966,Autumn Ramirez,wendy24@example.com,2025-03-26,38,Panama
967,Rafaela Vives Jódar,teodosio08@example.org,2024-02-22,29,Switzerland
968,Leonardo Marqués Cases,shaun81@example.net,2024-06-25,49,China
969,Conrado Otero Zaragoza,parejacalista@example.org,2024-06-08,31,Tayikistán
970,Coral Soledad Cornejo Rodrigo,augusto64@example.com,2025-06-23,40,Gibraltar
971,Aarón Anselmo Iglesias Mesa,barrancomarisol@example.com,2023-12-23,69,Finlandia
972,Maria Myers,perlitaordonez@example.org,2025-08-13,34,Burundi
973,Patrick Blackburn,vicentecisneros@example.net,2025-03-17,39,Singapur
974,Esperanza Zamora,qguerra@example.com,2025-05-02,35,Cape Verde
975,Valentina Lladó Armas,daniel76@example.net,2025-06-10,56,Senegal
976,Brian Bright,mollyortega@example.net,2024-07-13,62,Guinea
977,Margaret Murphy,christopher17@example.org,2024-02-17,35,Papua New Guinea
978,Richard Erickson,gwilliams@example.net,2024-11-02,53,Filipinas
979,Michelle Munoz,reedkristin@example.com,2025-07-27,18,Paraguay
980,Loreto Escrivá,conrado46@example.org,2025-05-21,51,Guinea-Bissau
981,Vincent Hill,alvaro42@example.org,2025-03-03,30,Slovakia (Slovak Republic)
982,Tatiana Borrell Múgica,leslietorres@example.net,2024-12-19,23,Nigeria
983,Nicole Harris,matthew75@example.org,2024-05-01,33,Ecuador
984,Melody Castro,mbenitez@example.org,2025-02-10,64,Timor-Leste
985,Gerald Gomez,vcalleja@example.com,2024-05-02,44,México
986,Leocadio de Llanos,sgomez@example.org,2025-06-09,49,Oman
987,Adolfo Martin Hervás,arodenas@example.net,2024-07-06,53,Niue
988,Michelle Holden,pwood@example.com,2023-11-04,66,Irlanda
989,Marina de Bárcena,daniel93@example.net,2025-02-14,33,Myanmar
990,Amy Montgomery,kbrown@example.org,2024-10-21,62,Jamaica
991,Brittany Fleming,clotilde40@example.net,2024-07-19,48,Liechtenstein
992,Esmeralda Mayo Murillo,xcobos@example.net,2025-05-31,59,Tuvalu
993,Patricia Jones,ucuellar@example.org,2025-08-25,63,Djibouti
994,Pastora Carreras Mármol,quintanillaconsuela@example.net,2025-04-19,49,Qatar
995,Greg Davis,jasminekoch@example.com,2024-01-21,46,Cook Islands
996,Miriam Bilbao Nicolás,warrenandrew@example.net,2025-08-26,68,Tayikistán
997,Aaron Galloway,morillorodrigo@example.com,2025-04-15,19,Togo
998,Ciríaco Valentín Espada,cleto29@example.com,2025-06-21,23,Pakistán
999,Ale Arias Carreño,daniel29@example.net,2025-06-28,36,Congo
1000,Águeda Evangelina Sanz Porcel,barnettcameron@example.org,2023-12-21,32,Comoros
